disease_id,disease_name,gene,inheritance,carrier_freq_general,high_risk_communities,community_carrier_freq,region,india_affected_births_per_year_est,source_note
ORPHA:231222,Beta-thalassemia major,HBB,Autosomal recessive,0.035,"Sindhi; Punjabi Khatri; Gujarati Patel; Bengali",0.09,"Pan-India; higher North-West/East","10000-15000","Carrier rates 3-4% national; 8-10% in Sindhi and some communities; IVS1-5 G>C dominant allele"
ORPHA:232,Sickle cell disease,HBB,Autosomal recessive,0.021,"Gond; Bhil; Munda; Khond",0.15,"Central/East tribal belt; parts of South","15000-20000","Trait prevalence up to 15-35% in some tribal groups; Sickle Cell Mission"
ORPHA:915,Wilson disease,ATP7B,Autosomal recessive,0.011,"Reddy; Kamma; Naidu",0.017,"Andhra Pradesh/Telangana cluster",300,"Founder effect reported in Andhra Pradesh"
ORPHA:123222,Spinal muscular atrophy type 1,SMN1,Autosomal recessive,0.0185,,,"Pan-India",1200,"SMN1 exon-7 deletion carrier rate ~1/54 in Indian studies"
ORPHA:586,Cystic fibrosis,CFTR,Autosomal recessive,0.012,"Punjabi; Kashmiri",0.02,"North India",800,"Historically underdiagnosed; F508del and Indian-specific CFTR variants"
ORPHA:716,Phenylketonuria,PAH,Autosomal recessive,0.008,,,"Pan-India",400,"NBS programs expanding; regional variation"
ORPHA:418,Congenital adrenal hyperplasia,CYP21A2,Autosomal recessive,0.01,,,"Pan-India",1000,"21-hydroxylase deficiency; salt-wasting crisis preventable"
ORPHA:355,G6PD deficiency,G6PD,X-linked recessive,0.07,"Gond; Parsi; tribal groups",0.15,"Tribal and malaria-endemic districts",10000,"Male hemizygote rate 2-22% by region; primaquine/dapsone risk"
ORPHA:79432,Oculocutaneous albinism type 2,OCA2,Autosomal recessive,0.018,,,"South India higher",1500,"Consanguinity-related; vision impairment"
ORPHA:791,Retinitis pigmentosa,RHO,Autosomal recessive (mixed),0.01,,,"Pan-India",5000,"Multiple genes; AR and AD forms both present"
ORPHA:94126,Fragile X syndrome,FMR1,X-linked dominant,0.005,,,"Pan-India",700,"CGG repeat expansion; premutation carriers 1/250 females"
ORPHA:274,Myotonic dystrophy type 1,DMPK,Autosomal dominant,0.0,,,"Pan-India",300,"Dominant: 50% transmission from affected parent"
ORPHA:345,Charcot-Marie-Tooth disease type 1A,PMP22,Autosomal dominant,0.0,,,"Pan-India",1500,"PMP22 duplication; de novo cases common"
ORPHA:666,Osteogenesis imperfecta type 1,COL1A1,Autosomal dominant,0.0,,,"Pan-India",600,"Type I is dominant; de novo in ~50%"
ORPHA:558,Marfan syndrome,FBN1,Autosomal dominant,0.0,,,"Pan-India",400,"Aortic dissection risk in family members"
ORPHA:636,Neurofibromatosis type 1,NF1,Autosomal dominant,0.0,,,"Pan-India",2000,"50% de novo"
ORPHA:805,Tuberous sclerosis complex,TSC2,Autosomal dominant,0.0,,,"Pan-India",600,"Two-thirds de novo"
ORPHA:870,Down syndrome,chr21,Chromosomal (maternal age),0.0,,,"Pan-India",30000,"Risk rises with maternal age; not a carrier state"
