drug_name,drug_class,pgx_flag,related_gene
clopidogrel,antiplatelet,true,CYP2C19
prasugrel,antiplatelet,true,CYP2C19
ticagrelor,antiplatelet,false,
warfarin,anticoagulant,true,CYP2C9+VKORC1
phenytoin,antiepileptic,true,CYP2C9
carbamazepine,antiepileptic,true,HLA-B
levetiracetam,antiepileptic,false,
valproate,antiepileptic,false,
codeine,opioid,true,CYP2D6
morphine,opioid,false,
tramadol,opioid,true,CYP2D6
tamoxifen,oncology,true,CYP2D6
anastrozole,oncology,false,
fluorouracil,oncology,true,DPYD
capecitabine,oncology,true,DPYD
irinotecan,oncology,true,UGT1A1
thiopurines,immunosuppressant,true,TPMT+NUDT15
azathioprine,immunosuppressant,true,TPMT
methotrexate,rheum,true,MTHFR
allopurinol,gout,true,HLA-B
febuxostat,gout,false,
simvastatin,statin,true,SLCO1B1
atorvastatin,statin,false,
rosuvastatin,statin,false,
primaquine,antimalarial,true,G6PD
chloroquine,antimalarial,false,
dapsone,antimicrobial,true,G6PD
rasburicase,oncology,true,G6PD
abacavir,antiviral,true,HLA-B
amlodipine,antihypertensive,true,CYP3A5
metformin,antidiabetic,false,
insulin,antidiabetic,false,
amitriptyline,antidepressant,true,CYP2D6
sertraline,antidepressant,true,CYP2D6
ondansetron,antiemetic,true,CYP2D6
