phrase,hpo_id,hpo_name,language,notes
piliya,HP:0000952,Jaundice,hi,
aankhon ka peela hona,HP:0000952,Jaundice,hinglish,"yellow eyes"
peeli aankhein,HP:0000952,Jaundice,hi,
mirgi ka daura,HP:0001250,Seizures,hi,
fits aana,HP:0001250,Seizures,hinglish,
daura padna,HP:0001250,Seizures,hi,
jhatke aana,HP:0001250,Seizures,hi,
dimaagi vikas mein kami,HP:0001249,Intellectual disability,hi,
padhai mein peeche rehna,HP:0001249,Intellectual disability,hinglish,"colloquial school framing"
bolna nahi seekha,HP:0011344,Delayed speech and language development,hi,
chalne mein dikkat,HP:0001288,Gait disturbance,hinglish,
chalta nahi,HP:0001288,Gait disturbance,hi,
haath pair mein sujan,HP:0000969,Edema,hinglish,"swelling of limbs, colloquial"
pair sujh gaya,HP:0000969,Edema,hi,
kamzori,HP:0001324,Muscle weakness,hi,
kamzor ho gaya hai,HP:0001324,Muscle weakness,hinglish,
uth nahi pata,HP:0002066,Gowers sign,hi,"rising difficulty"
haath kaanpna,HP:0001337,Tremor,hi,
kaanpna,HP:0001337,Tremor,hi,
raat mein na dikhna,HP:0000618,Nyctalopia,hi,
raandh mein andhera,HP:0000618,Nyctalopia,hi,
khoon ki kami,HP:0001903,Anemia,hi,
pale hona,HP:0001903,Anemia,hinglish,
rang peela,HP:0001903,Anemia,hi,
tili ka badhna,HP:0001744,Splenomegaly,hi,
piliya hamesha rahta hai,HP:0000952,Jaundice,hi,
sunai kam hona,HP:0000365,Hearing impairment,hi,
kaan sunai nahi deta,HP:0000365,Hearing impairment,hi,
baar baar khaansi,HP:0002783,Recurrent respiratory infections,hi,
baar baar bukhaar,HP:0002783,Recurrent respiratory infections,hi,
height nahi badh rahi,HP:0004322,Short stature,hinglish,
lamba nahi ho raha,HP:0004322,Short stature,hi,
vikaas ruk gaya,HP:0001508,Failure to thrive,hi,
vajan nahi badh raha,HP:0001508,Failure to thrive,hinglish,
mota na ho raha,HP:0001508,Failure to thrive,hinglish,
bhookh nahi lagti,HP:0001508,Failure to thrive,hi,"appetite framing"
sir bada hai,HP:0000256,Macrocephaly,hi,
sir chhota hai,HP:0000252,Microcephaly,hi,
dard,HP:0012532,Chronic pain,hi,
haddi tut jaata hai,HP:0000118,Fractures (parent context),hi,"OI context"
neele aankhon ka safed,HP:0000592,Blue sclerae,hi,
daag coffee jaise,HP:0000957,Cafe-au-lait spot,hi,
ganth,HP:0000995,Neurofibroma,hi,
uthne ke liye haath lagata hai,HP:0002066,Gowers sign,hi,
pair mein dard hone se bacha rota hai,HP:0012532,Chronic pain,hi,
hamesha thaka hua,HP:0012378,Fatigue,hi,
thakan,HP:0012378,Fatigue,hi,
kuch samajh nahi aata,HP:0001263,Global developmental delay,hinglish,added_by_active_learning
bukhaar,HP:0001945,Fever,hinglish,
bukhar aata hai,HP:0001945,Fever,hinglish,
thakaan,HP:0012378,Fatigue,hinglish,
sujan,HP:0000969,Edema,hinglish,
soojan,HP:0000969,Edema,hi,
kamzor,HP:0001324,Muscle weakness,hinglish,
weight nahi badh raha,HP:0001508,Failure to thrive,hinglish,
weight gain nahi hota,HP:0001508,Failure to thrive,hinglish,
wazan kam hai,HP:0001508,Failure to thrive,hi,
not started sitting,HP:0001263,Global developmental delay,en,
baith nahi pata,HP:0001263,Global developmental delay,hi,
poor weight gain,HP:0001508,Failure to thrive,en,
khansi,HP:0012735,Cough,hinglish,
patla hai,HP:0001508,Failure to thrive,hinglish,
pet mein dard,HP:0012532,Chronic pain,hinglish,
pet kharab,HP:0012532,Chronic pain,hinglish,"upset stomach"
aankhon mein brown ring,HP:0000616,Corneal opacity,hinglish,"Kayser-Fleischer ring wording"
aankhon mein ring,HP:0000616,Corneal opacity,hinglish,"KF ring colloquial"
pet saaf nahi hota,HP:0012532,Chronic pain,hinglish,
