state,consanguinity_rate_pct,source,note
Tamil Nadu,28.0,NFHS-5 2019-21,"Highest in India; maternal uncle's niece and cross-cousin marriages traditional"
Karnataka,27.0,NFHS-5 2019-21,
Andhra Pradesh,26.0,NFHS-5 2019-21,
Puducherry,19.0,NFHS-5 2019-21,
Telangana,18.0,NFHS-5 2019-21,
Maharashtra,9.0,NFHS-5 2019-21,
Odisha,7.0,NFHS-5 2019-21,
Chhattisgarh,6.0,NFHS-5 2019-21,
Gujarat,5.5,NFHS-5 2019-21,
Kerala,5.0,NFHS-5 2019-21,
Madhya Pradesh,4.5,NFHS-5 2019-21,
Rajasthan,4.0,NFHS-5 2019-21,
West Bengal,3.5,NFHS-5 2019-21,
Uttar Pradesh,3.0,NFHS-5 2019-21,
Bihar,2.8,NFHS-5 2019-21,
Jharkhand,2.5,NFHS-5 2019-21,
Haryana,2.2,NFHS-5 2019-21,
Punjab,2.0,NFHS-5 2019-21,
Delhi,1.8,NFHS-5 2019-21,
Himachal Pradesh,1.5,NFHS-5 2019-21,
Uttarakhand,1.4,NFHS-5 2019-21,
Assam,1.3,NFHS-5 2019-21,
Goa,1.2,NFHS-5 2019-21,
Tripura,1.1,NFHS-5 2019-21,
Manipur,1.0,NFHS-5 2019-21,
Meghalaya,0.9,NFHS-5 2019-21,
Mizoram,0.8,NFHS-5 2019-21,
Nagaland,0.8,NFHS-5 2019-21,
Sikkim,0.7,NFHS-5 2019-21,
Arunachal Pradesh,0.7,NFHS-5 2019-21,
Jammu and Kashmir,1.6,NFHS-5 2019-21,
Ladakh,1.6,NFHS-5 2019-21,
Chandigarh,1.5,NFHS-5 2019-21,
Andaman and Nicobar Islands,1.0,NFHS-5 2019-21,
Dadra and Nagar Haveli and Daman and Diu,1.4,NFHS-5 2019-21,
Lakshadweep,2.0,NFHS-5 2019-21,
