month,state,disease_id,case_count_simulated,asha_reports,confirmed,flagged_red_simulated
2026-01,Maharashtra,ORPHA:231222,145,210,132,18
2026-01,Maharashtra,ORPHA:232,88,120,71,11
2026-01,Uttar Pradesh,ORPHA:231222,160,240,101,22
2026-01,Uttar Pradesh,ORPHA:98863,42,60,28,9
2026-01,Tamil Nadu,ORPHA:231222,120,190,110,15
2026-01,Tamil Nadu,ORPHA:915,34,58,26,7
2026-01,Andhra Pradesh,ORPHA:915,41,66,31,8
2026-01,Andhra Pradesh,ORPHA:231222,95,140,74,12
2026-01,Chhattisgarh,ORPHA:232,110,170,66,19
2026-01,Madhya Pradesh,ORPHA:232,98,150,59,17
2026-01,Odisha,ORPHA:232,76,110,48,13
2026-01,Jharkhand,ORPHA:232,54,80,31,9
2026-01,West Bengal,ORPHA:231222,88,130,60,10
2026-01,Karnataka,ORPHA:231222,84,120,61,9
2026-01,Gujarat,ORPHA:231222,72,105,55,8
2026-01,Bihar,ORPHA:231222,130,200,72,20
2026-01,Rajasthan,ORPHA:231222,70,100,44,9
2026-01,Kerala,ORPHA:231222,40,60,31,4
2026-01,Assam,ORPHA:231222,46,70,26,6
2026-01,Delhi,ORPHA:98863,28,40,19,6
2026-01,Punjab,ORPHA:231222,52,75,36,7
2026-01,Telangana,ORPHA:915,29,48,22,6
2026-02,Maharashtra,ORPHA:231222,152,215,138,19
2026-02,Maharashtra,ORPHA:232,91,124,74,12
2026-02,Uttar Pradesh,ORPHA:231222,166,248,106,23
2026-02,Tamil Nadu,ORPHA:231222,124,196,113,15
2026-02,Andhra Pradesh,ORPHA:915,44,69,33,8
2026-02,Chhattisgarh,ORPHA:232,115,176,70,20
2026-02,West Bengal,ORPHA:231222,92,134,63,11
2026-02,Bihar,ORPHA:231222,136,208,75,21
2026-02,Karnataka,ORPHA:231222,87,124,63,10
2026-02,Gujarat,ORPHA:231222,75,108,57,8
